employee_id,employer_id,date_of_birth,pretax_election_pct,roth_election_pct
EMP000001,ER0001,1990-05-14,45,0
EMP000002,ER0001,1976-03-24,3,5
EMP000003,ER0001,1996-02-19,6,0
EMP000004,ER0001,1967-04-08,8,3
EMP000005,ER0001,1997-04-23,10,5
EMP000006,ER0001,1988-04-15,8,0
EMP000007,ER0001,1962-03-23,6,0
EMP000008,ER0001,1971-04-25,5,0
EMP000009,ER0001,1986-02-12,5,3
EMP000010,ER0001,1964-12-15,8,0
EMP000011,ER0001,1967-09-10,10,3
EMP000012,ER0001,1998-04-23,3,0
EMP000013,ER0001,1976-05-03,4,0
EMP000014,ER0001,1979-08-21,5,0
EMP000015,ER0001,1984-04-22,5,5
EMP000016,ER0001,2003-02-20,10,0
EMP000017,ER0001,1977-03-15,6,0
EMP000018,ER0001,1997-04-22,5,0
EMP000019,ER0001,1964-06-13,5,0
EMP000020,ER0001,1998-12-11,4,5
EMP000021,ER0001,1987-11-15,4,0
EMP000022,ER0001,1977-12-18,8,0
EMP000023,ER0001,1999-07-19,6,0
EMP000024,ER0001,1970-09-16,3,0
EMP000025,ER0001,1971-11-06,10,2
EMP000026,ER0001,1966-07-13,8,2
EMP000027,ER0001,1978-09-28,3,5
EMP000028,ER0001,1969-11-18,5,5
EMP000029,ER0001,1969-05-14,4,2
EMP000030,ER0001,1978-09-25,4,3
EMP000031,ER0001,2002-05-27,10,3
EMP000032,ER0001,1974-03-12,4,3
EMP000033,ER0001,1995-01-20,5,2
EMP000034,ER0001,1969-06-27,5,0
EMP000035,ER0001,1977-10-03,3,5
EMP000036,ER0001,1966-09-25,4,0
EMP000037,ER0001,1992-09-06,5,3
EMP000038,ER0001,1989-04-18,10,5
EMP000039,ER0001,1981-07-22,10,0
EMP000040,ER0001,1995-08-04,4,0
EMP000041,ER0001,1983-01-19,8,0
EMP000042,ER0001,1976-01-03,10,5
EMP000043,ER0001,1976-02-02,5,0
EMP000044,ER0001,1977-05-22,6,0
EMP000045,ER0001,1970-12-19,8,2
EMP000046,ER0001,1992-07-07,3,0
EMP000047,ER0001,1989-06-14,6,2
EMP000048,ER0001,1965-11-21,10,0
EMP000049,ER0001,1987-12-11,3,0
EMP000050,ER0001,1974-09-15,4,2
EMP000051,ER0002,1965-08-21,50,0
EMP000052,ER0002,1997-02-02,10,3
EMP000053,ER0002,1962-02-25,4,0
EMP000054,ER0002,1993-08-07,6,0
EMP000055,ER0002,1986-01-13,5,2
EMP000056,ER0002,1989-12-24,8,5
EMP000057,ER0002,1993-03-07,5,0
EMP000058,ER0002,1999-12-18,3,5
EMP000059,ER0002,1965-01-19,6,3
EMP000060,ER0002,1995-03-02,8,0
EMP000061,ER0002,1973-02-20,3,5
EMP000062,ER0002,1987-02-19,4,3
EMP000063,ER0002,1964-10-03,6,5
EMP000064,ER0002,1998-09-11,5,0
EMP000065,ER0002,1982-04-09,6,0
EMP000066,ER0002,2003-05-15,5,0
EMP000067,ER0002,1991-10-19,3,0
EMP000068,ER0002,1975-09-09,4,0
EMP000069,ER0002,1977-06-10,4,2
EMP000070,ER0002,1996-12-10,8,5
EMP000071,ER0002,1962-11-27,8,0
EMP000072,ER0002,1968-03-09,3,0
EMP000073,ER0002,1997-03-09,5,3
EMP000074,ER0002,1983-04-22,10,0
EMP000075,ER0002,1993-05-28,3,0
EMP000076,ER0002,1989-05-02,3,0
EMP000077,ER0002,1970-11-09,4,5
EMP000078,ER0002,1997-12-14,8,0
EMP000079,ER0002,1966-12-05,8,0
EMP000080,ER0002,1985-10-18,4,2
EMP000081,ER0002,1964-05-12,3,0
EMP000082,ER0002,1977-11-04,5,3
EMP000083,ER0002,2001-12-05,4,0
EMP000084,ER0002,1973-07-01,4,5
EMP000085,ER0002,1988-11-28,10,0
EMP000086,ER0002,1972-12-04,6,0
EMP000087,ER0002,1976-04-27,6,0
EMP000088,ER0002,1976-04-01,10,0
EMP000089,ER0002,1983-05-28,3,0
EMP000090,ER0002,2003-09-13,10,3
EMP000091,ER0002,1963-02-09,4,3
EMP000092,ER0002,1964-02-20,6,0
EMP000093,ER0002,1982-07-20,8,0
EMP000094,ER0002,1998-04-09,3,5
EMP000095,ER0002,1962-09-26,8,5
EMP000096,ER0002,1974-06-14,3,5
EMP000097,ER0002,2001-06-22,3,5
EMP000098,ER0002,1994-05-22,6,0
EMP000099,ER0002,1980-09-05,4,2
EMP000100,ER0002,1986-11-24,4,3
EMP000101,ER0003,1970-03-02,45,0
EMP000102,ER0003,1975-07-26,8,3
EMP000103,ER0003,1982-08-15,6,5
EMP000104,ER0003,1994-08-26,10,0
EMP000105,ER0003,1967-05-17,10,5
EMP000106,ER0003,1983-02-27,4,5
EMP000107,ER0003,1976-04-05,3,0
EMP000108,ER0003,1992-10-28,3,2
EMP000109,ER0003,2002-10-07,10,5
EMP000110,ER0003,1993-07-08,4,5
EMP000111,ER0003,1962-02-25,6,0
EMP000112,ER0003,1995-08-02,8,0
EMP000113,ER0003,1969-08-05,6,5
EMP000114,ER0003,1997-10-11,6,3
EMP000115,ER0003,1994-07-27,8,2
EMP000116,ER0003,1992-08-09,4,5
EMP000117,ER0003,1995-08-21,4,0
EMP000118,ER0003,1966-12-10,4,0
EMP000119,ER0003,1982-09-03,4,0
EMP000120,ER0003,1986-12-05,10,0
EMP000121,ER0003,1988-07-11,8,2
EMP000122,ER0003,1965-04-27,6,2
EMP000123,ER0003,1999-12-01,8,2
EMP000124,ER0003,1962-06-10,6,2
EMP000125,ER0003,1996-10-08,6,0
EMP000126,ER0003,1989-08-01,6,0
EMP000127,ER0003,1987-12-06,6,0
EMP000128,ER0003,1996-01-13,8,3
EMP000129,ER0003,1963-02-21,6,0
EMP000130,ER0003,1973-01-09,6,0
EMP000131,ER0003,1991-06-11,6,0
EMP000132,ER0003,1988-05-27,3,2
EMP000133,ER0003,1996-01-12,4,5
EMP000134,ER0003,2003-01-25,3,0
EMP000135,ER0003,1963-10-05,4,0
EMP000136,ER0003,1969-10-07,6,5
EMP000137,ER0003,1985-03-20,8,5
EMP000138,ER0003,1969-03-10,3,3
EMP000139,ER0003,1981-10-22,6,2
EMP000140,ER0003,1974-02-19,10,5
EMP000141,ER0003,1968-12-25,5,5
EMP000142,ER0003,1969-10-26,3,0
EMP000143,ER0003,1989-11-12,3,3
EMP000144,ER0003,1983-01-28,6,2
EMP000145,ER0003,1989-06-21,6,5
EMP000146,ER0003,1989-03-24,8,5
EMP000147,ER0003,2001-09-25,6,2
EMP000148,ER0003,1999-05-11,4,0
EMP000149,ER0003,1990-04-25,6,3
EMP000150,ER0003,1986-06-01,6,0
