Worker ID,Company Code,Check Date,Period Begin,Period End,Gross Wages,Pretax Deferral,Roth Deferral,Employer Match
EMP000051,ER0002,01/23/2026,01/04/2026,01/17/2026,"$23,000.00","$11,500.00",$0.00,$690.00
EMP000052,ER0002,01/23/2026,01/04/2026,01/17/2026,"$5,883.19",$588.32,$176.50,$176.50
EMP000053,ER0002,01/23/2026,01/04/2026,01/17/2026,"$3,630.78",$145.23,$0.00,$72.62
EMP000054,ER0002,01/23/2026,01/04/2026,01/17/2026,"$2,363.17",$141.79,$0.00,$70.90
EMP000055,ER0002,01/23/2026,01/04/2026,01/17/2026,"$2,995.52",$149.78,$59.91,$89.87
EMP000056,ER0002,01/23/2026,01/04/2026,01/17/2026,"$5,266.52",$421.32,$263.33,$158.00
EMP000057,ER0002,01/23/2026,01/04/2026,01/17/2026,"$1,806.62",$90.33,$0.00,$45.17
EMP000058,ER0002,01/23/2026,01/04/2026,01/17/2026,"$3,144.19",$94.33,$157.21,$94.33
EMP000059,ER0002,01/23/2026,01/04/2026,01/17/2026,"$5,970.70",$358.24,$179.12,$179.12
EMP000060,ER0002,01/23/2026,01/04/2026,01/17/2026,"$5,963.48",$477.08,$0.00,$178.91
EMP000061,ER0002,01/23/2026,01/04/2026,01/17/2026,"$2,733.14",$81.99,$136.66,$82.00
EMP000062,ER0002,01/23/2026,01/04/2026,01/17/2026,"$4,616.99",$184.68,$138.51,$138.51
EMP000063,ER0002,01/23/2026,01/04/2026,01/17/2026,"$4,560.12",$273.61,$228.01,$136.81
EMP000064,ER0002,01/23/2026,01/04/2026,01/17/2026,"$5,011.29",$250.56,$0.00,$125.28
EMP000065,ER0002,01/23/2026,01/04/2026,01/17/2026,"$5,021.59",$301.30,$0.00,$150.65
EMP000066,ER0002,01/23/2026,01/04/2026,01/17/2026,"$1,548.83",$77.44,$0.00,$38.72
EMP000067,ER0002,01/23/2026,01/04/2026,01/17/2026,"$4,318.75",$129.56,$0.00,$64.78
EMP000068,ER0002,01/23/2026,01/04/2026,01/17/2026,"$1,860.66",$74.43,$0.00,$37.22
EMP000069,ER0002,01/23/2026,01/04/2026,01/17/2026,"$5,871.22",$234.85,$117.42,$176.14
EMP000070,ER0002,01/23/2026,01/04/2026,01/17/2026,"$4,273.17",$341.85,$213.66,$128.20
EMP000071,ER0002,01/23/2026,01/04/2026,01/17/2026,"$4,978.06",$398.24,$0.00,$149.34
EMP000072,ER0002,01/23/2026,01/04/2026,01/17/2026,"$5,392.40",$161.77,$0.00,$80.89
EMP000073,ER0002,01/23/2026,01/04/2026,01/17/2026,"$2,604.30",$130.22,$78.13,$78.13
EMP000074,ER0002,01/23/2026,01/04/2026,01/17/2026,"$4,149.79",$414.98,$0.00,$124.50
EMP000075,ER0002,01/23/2026,01/04/2026,01/17/2026,"$4,825.47",$144.76,$0.00,$72.38
EMP000076,ER0002,01/23/2026,01/04/2026,01/17/2026,"$5,542.88",$166.29,$0.00,$83.15
EMP000077,ER0002,01/23/2026,01/04/2026,01/17/2026,"$3,816.49",$152.66,$190.82,$114.50
EMP000078,ER0002,01/23/2026,01/04/2026,01/17/2026,"$2,086.54",$166.92,$0.00,$62.60
EMP000079,ER0002,01/23/2026,01/04/2026,01/17/2026,"$5,875.68",$470.05,$0.00,$176.27
EMP000080,ER0002,01/23/2026,01/04/2026,01/17/2026,"$2,168.18",$86.73,$43.36,$65.05
EMP000081,ER0002,01/23/2026,01/04/2026,01/17/2026,"$2,601.40",$78.04,$0.00,$39.02
EMP000082,ER0002,01/23/2026,01/04/2026,01/17/2026,"$3,630.58",$181.53,$108.92,$108.92
EMP000083,ER0002,01/23/2026,01/04/2026,01/17/2026,"$5,693.71",$227.75,$0.00,$113.88
EMP000084,ER0002,01/23/2026,01/04/2026,01/17/2026,"$3,241.60",$129.66,$162.08,$97.25
EMP000085,ER0002,01/23/2026,01/04/2026,01/17/2026,"$2,898.83",$289.88,$0.00,$86.97
EMP000086,ER0002,01/23/2026,01/04/2026,01/17/2026,"$3,967.77",$238.07,$0.00,$119.04
EMP000087,ER0002,01/23/2026,01/04/2026,01/17/2026,"$3,100.07",$186.00,$0.00,$93.00
EMP000088,ER0002,01/23/2026,01/04/2026,01/17/2026,"$3,589.10",$358.91,$0.00,$107.68
EMP000089,ER0002,01/23/2026,01/04/2026,01/17/2026,"$3,341.01",$100.23,$0.00,$50.12
EMP000090,ER0002,01/23/2026,01/04/2026,01/17/2026,"$3,236.17",$323.62,$97.09,$97.09
EMP000091,ER0002,01/23/2026,01/04/2026,01/17/2026,"$2,891.80",$115.67,$86.75,$86.76
EMP000092,ER0002,01/23/2026,01/04/2026,01/17/2026,"$5,319.67",$319.18,$0.00,$159.59
EMP000093,ER0002,01/23/2026,01/04/2026,01/17/2026,"$3,519.53",$281.56,$0.00,$105.59
EMP000094,ER0002,01/23/2026,01/04/2026,01/17/2026,"$3,786.19",$113.59,$189.31,$113.59
EMP000095,ER0002,01/23/2026,01/04/2026,01/17/2026,"$5,271.88",$421.75,$263.59,$158.16
EMP000096,ER0002,01/23/2026,01/04/2026,01/17/2026,"$3,231.19",$96.94,$161.56,$96.94
EMP000097,ER0002,01/23/2026,01/04/2026,01/17/2026,"$3,074.55",$92.24,$153.73,$92.24
EMP000098,ER0002,01/23/2026,01/04/2026,01/17/2026,"$3,609.73",$216.58,$0.00,$108.29
EMP000099,ER0002,01/23/2026,01/04/2026,01/17/2026,"$4,986.14",$199.45,$99.72,$149.59
EMP000100,ER0002,01/23/2026,01/04/2026,01/17/2026,"$4,483.75",$179.35,$134.51,$134.52
EMP000064,ER0002,01/09/2026,12/21/2025,01/03/2026,"$5,111.29",$255.56,$0.00,$127.78
