employer_id,employee_id,pay_period_start,pay_period_end,pay_date,gross_pay,pretax_deferral,roth_deferral,employer_match
ER0001,EMP000001,2026-01-18,2026-01-31,2026-02-06,20000.00,9000.00,0.00,600.00
ER0001,EMP000002,2026-01-18,2026-01-31,2026-02-06,5383.23,161.50,269.16,161.50
ER0001,EMP000003,2026-01-18,2026-01-31,2026-02-06,1656.22,99.37,0.00,49.69
ER0001,EMP000004,2026-01-18,2026-01-31,2026-02-06,1639.12,131.13,49.17,49.18
ER0001,EMP000005,2026-01-18,2026-01-31,2026-02-06,4357.06,435.71,217.85,130.71
ER0001,EMP000006,2026-01-18,2026-01-31,2026-02-06,5743.74,459.50,0.00,172.31
ER0001,EMP000007,2026-01-18,2026-01-31,2026-02-06,2956.84,177.41,0.00,88.71
ER0001,EMP000008,2026-01-18,2026-01-31,2026-02-06,1986.25,99.31,0.00,49.66
ER0001,EMP000009,2026-01-18,2026-01-31,2026-02-06,2886.85,144.34,86.61,86.61
ER0001,EMP000010,2026-01-18,2026-01-31,2026-02-06,3484.61,278.77,0.00,104.54
ER0001,EMP000011,2026-01-18,2026-01-31,2026-02-06,3396.00,339.60,101.88,101.88
ER0001,EMP000012,2026-01-18,2026-01-31,2026-02-06,4966.92,149.01,0.00,74.51
ER0001,EMP000013,2026-01-18,2026-01-31,2026-02-06,3492.95,139.72,0.00,69.86
ER0001,EMP000014,2026-01-18,2026-01-31,2026-02-06,3440.81,172.04,0.00,86.02
ER0001,EMP000015,2026-01-18,2026-01-31,2026-02-06,5083.75,254.19,254.19,152.52
ER0001,EMP000016,2026-01-18,2026-01-31,2026-02-06,4300.43,430.04,0.00,129.02
ER0001,EMP000017,2026-01-18,2026-01-31,2026-02-06,4855.44,291.33,0.00,145.67
ER0001,EMP000018,2026-01-18,2026-01-31,2026-02-06,2700.87,135.04,0.00,67.52
ER0001,EMP000019,2026-01-18,2026-01-31,2026-02-06,2606.15,130.31,0.00,65.16
ER0001,EMP000020,2026-01-18,2026-01-31,2026-02-06,4117.40,164.70,205.87,123.52
ER0001,EMP000021,2026-01-18,2026-01-31,2026-02-06,2232.06,89.28,0.00,44.64
ER0001,EMP000022,2026-01-18,2026-01-31,2026-02-06,5416.50,433.32,0.00,162.50
ER0001,EMP000023,2026-01-18,2026-01-31,2026-02-06,2649.87,158.99,0.00,79.50
ER0001,EMP000024,2026-01-18,2026-01-31,2026-02-06,2074.87,62.25,0.00,31.13
ER0001,EMP000025,2026-01-18,2026-01-31,2026-02-06,4626.90,462.69,92.54,138.81
ER0001,EMP000026,2026-01-18,2026-01-31,2026-02-06,4274.08,341.93,85.48,128.22
ER0001,EMP000027,2026-01-18,2026-01-31,2026-02-06,5278.65,158.36,263.93,158.36
ER0001,EMP000028,2026-01-18,2026-01-31,2026-02-06,3283.49,164.17,164.17,98.51
ER0001,EMP000029,2026-01-18,2026-01-31,2026-02-06,1517.01,60.68,30.34,45.51
ER0001,EMP000030,2026-01-18,2026-01-31,2026-02-06,2057.89,82.32,61.74,61.74
ER0001,EMP000031,2026-01-18,2026-01-31,2026-02-06,4692.75,469.28,140.78,140.79
ER0001,EMP000032,2026-01-18,2026-01-31,2026-02-06,5582.24,223.29,167.47,167.47
ER0001,EMP000033,2026-01-18,2026-01-31,2026-02-06,1602.11,80.11,32.04,48.07
ER0001,EMP000034,2026-01-18,2026-01-31,2026-02-06,1803.69,90.18,0.00,45.09
ER0001,EMP000035,2026-01-18,2026-01-31,2026-02-06,4047.98,121.44,202.40,121.44
ER0001,EMP000036,2026-01-18,2026-01-31,2026-02-06,4958.99,198.36,0.00,99.18
ER0001,EMP000037,2026-01-18,2026-01-31,2026-02-06,4680.29,234.01,140.41,140.41
ER0001,EMP000038,2026-01-18,2026-01-31,2026-02-06,2554.61,255.46,127.73,76.64
ER0001,EMP000039,2026-01-18,2026-01-31,2026-02-06,3796.90,379.69,0.00,113.91
ER0001,EMP000040,2026-01-18,2026-01-31,2026-02-06,1835.68,73.43,0.00,36.72
ER0001,EMP000041,2026-01-18,2026-01-31,2026-02-06,4585.12,366.81,0.00,137.56
ER0001,EMP000042,2026-01-18,2026-01-31,2026-02-06,1808.66,180.87,90.43,54.26
ER0001,EMP000043,2026-01-18,2026-01-31,2026-02-06,4195.65,209.78,0.00,104.89
ER0001,EMP000044,2026-01-18,2026-01-31,2026-02-06,4327.13,259.63,0.00,129.82
ER0001,EMP000045,2026-01-18,2026-01-31,2026-02-06,2774.00,221.92,55.48,83.22
ER0001,EMP000046,2026-01-18,2026-01-31,2026-02-06,4954.96,148.65,0.00,74.33
ER0001,EMP000047,2026-01-18,2026-01-31,2026-02-06,5322.45,319.35,106.45,159.68
ER0001,EMP000048,2026-01-18,2026-01-31,2026-02-06,1817.78,181.78,0.00,54.54
ER0001,EMP000049,2026-01-18,2026-01-31,2026-02-06,2504.48,75.13,0.00,37.57
ER0001,EMP000050,2026-01-18,2026-01-31,2026-02-06,2462.00,98.48,49.24,73.86
